1,Alex Abrines\abrinal01,SG,24,OKC,6,110,9.5,.575,.650,.100,2.9,12.3,7.7,2.6,2.2,1.7,4.6,8.7,,0.1,0.1,0.2,.107,,-1.6,1.6,0.1,0.1
2,Steven Adams\adamsst01,C,24,OKC,6,200,16.0,.609,.000,.283,10.2,13.6,11.9,7.0,1.0,1.8,7.2,12.2,,0.5,0.2,0.7,.158,,0.2,1.5,1.7,0.2
3,Bam Adebayo\adebaba01,C,20,MIA,5,77,6.1,.402,.067,.933,12.1,15.4,13.7,0.0,0.0,2.2,8.6,13.0,,-0.1,0.0,-0.1,-0.035,,-8.4,-2.1,-10.5,-0.2
4,LaMarcus Aldridge\aldrila01,C,32,SAS,5,177,24.8,.599,.063,.525,7.8,22.6,14.7,13.2,0.9,1.0,8.4,27.8,,0.6,0.1,0.7,.188,,1.8,1.4,3.2,0.2
5,Al-Farouq Aminu\aminual01,PF,27,POR,4,131,21.3,.652,.577,.038,9.4,22.1,15.2,5.8,1.5,1.2,10.2,19.2,,0.4,0.0,0.4,.152,,3.0,0.4,3.4,0.2
6,Justin Anderson\anderju01,SF,24,PHI,7,33,2.4,.500,.875,.000,3.2,26.3,14.6,0.0,1.5,0.0,20.0,12.7,,0.0,0.0,0.0,.014,,-5.9,-3.9,-9.8,-0.1
7,Kyle Anderson\anderky01,SF,24,SAS,5,73,17.5,.620,.200,.200,7.2,13.3,10.1,7.4,4.2,1.2,12.1,15.5,,0.1,0.1,0.2,.130,,-0.6,4.7,4.1,0.1
8,Ryan Anderson\anderry01,PF,29,HOU,9,81,9.2,.528,.778,.000,4.1,12.4,8.2,10.2,1.8,1.1,14.3,11.6,,0.0,0.1,0.1,.075,,-1.3,0.8,-0.4,0.0
9,Giannis Antetokounmpo\antetgi01,PF,23,MIL,7,280,26.5,.620,.116,.455,3.7,23.5,14.3,28.2,1.9,1.9,10.5,28.2,,1.0,0.4,1.4,.239,,4.5,2.2,6.7,0.6
10,Carmelo Anthony\anthoca01,PF,33,OKC,6,194,9.6,.452,.389,.208,1.7,16.7,9.3,1.6,2.5,1.9,7.1,19.1,,-0.2,0.3,0.1,.018,,-5.0,0.2,-4.8,-0.1
11,OG Anunoby\anunoog01,SF,20,TOR,10,238,12.7,.695,.558,.212,4.5,6.3,5.4,4.3,1.3,1.3,9.5,12.0,,0.5,0.0,0.5,.095,,1.1,0.7,1.8,0.2
12,Trevor Ariza\arizatr01,SF,32,HOU,13,418,9.6,.550,.667,.232,1.3,11.7,6.5,6.0,1.4,0.2,4.4,12.2,,0.4,0.4,0.8,.089,,-0.1,0.4,0.3,0.2
13,Luke Babbitt\babbilu01,SF,28,MIA,2,3,-13.6,.000,.000,.000,0.0,0.0,0.0,0.0,0.0,0.0,0.0,14.4,,0.0,0.0,0.0,-0.391,,-17.9,-2.2,-20.1,0.0
14,Wade Baldwin\baldwwa01,PG,21,POR,4,19,4.6,.410,.250,.500,0.0,19.1,8.7,19.6,2.6,4.3,38.1,17.7,,-0.1,0.0,-0.1,-0.140,,-10.5,4.7,-5.9,0.0
15,Jerryd Bayless\bayleje01,SG,29,PHI,1,2,0.0,,,,0.0,0.0,0.0,0.0,0.0,0.0,,0.0,,0.0,0.0,0.0,.013,,-5.5,0.4,-5.1,0.0
16,Aron Baynes\baynear01,C,31,BOS,15,306,16.4,.595,.269,.103,12.9,22.6,17.7,8.7,0.7,2.0,7.9,13.3,,0.7,0.4,1.1,.178,,1.4,1.6,3.0,0.4
17,Bradley Beal\bealbr01,SG,24,WAS,6,216,16.9,.588,.417,.213,1.1,9.9,5.5,13.1,1.6,0.8,11.3,27.2,,0.3,0.1,0.4,.078,,1.4,-0.6,0.9,0.2
18,Marco Belinelli\belinma01,SG,31,PHI,10,273,12.7,.539,.434,.292,0.4,7.9,4.1,11.4,1.3,0.0,3.2,19.0,,0.5,0.2,0.7,.129,,1.2,-2.4,-1.2,0.1
19,Jordan Bell\belljo01,C,23,GSW,9,50,10.0,.301,.000,.667,4.4,25.2,15.0,14.5,2.9,5.0,7.9,11.0,,0.0,0.1,0.1,.085,,-4.9,5.9,1.0,0.0
20,Davis Bertans\bertada01,PF,25,SAS,5,82,4.0,.372,.889,.611,1.3,14.8,7.6,10.7,1.3,0.0,4.2,13.3,,-0.1,0.0,0.0,-0.029,,-4.2,1.3,-2.9,0.0
21,Nemanja Bjelica\bjeline01,PF,29,MIN,5,47,21.5,.603,.438,.438,9.5,24.6,17.3,9.9,3.2,0.0,5.0,19.5,,0.1,0.0,0.2,.195,,2.1,3.7,5.8,0.1
22,Tarik Black\blackta01,C,26,HOU,7,19,3.3,.250,.000,.000,11.5,23.5,17.4,13.9,0.0,4.5,20.0,11.7,,0.0,0.0,0.0,-0.010,,-7.5,3.3,-4.2,0.0
23,Eric Bledsoe\bledser01,PG,28,MIL,7,225,12.8,.512,.262,.238,1.7,10.9,6.6,18.1,1.6,2.4,13.9,23.3,,-0.1,0.2,0.1,.027,,-2.8,-0.1,-2.8,0.0
24,Bojan Bogdanovic\bogdabo02,SF,28,IND,7,238,7.4,.509,.556,.123,0.5,11.3,6.1,8.2,1.3,0.0,13.2,19.5,,-0.2,0.3,0.1,.023,,-0.9,-0.5,-1.5,0.0
25,Trevor Booker\booketr01,PF,30,IND,7,64,13.3,.688,.100,.700,9.9,23.8,17.2,0.0,0.8,1.7,7.1,10.4,,0.2,0.1,0.3,.207,,-1.0,-2.3,-3.4,0.0
26,Tony Bradley\bradlto01,C,20,UTA,1,2,41.9,.500,.000,.000,53.2,0.0,26.9,0.0,0.0,0.0,0.0,44.1,,0.0,0.0,0.0,.222,,5.0,-15.4,-10.4,0.0
27,Corey Brewer\breweco01,SG,31,OKC,6,151,11.8,.669,.440,.240,2.8,6.2,4.5,4.8,2.3,3.0,6.7,8.6,,0.3,0.2,0.4,.140,,-0.1,2.7,2.6,0.2
28,Malcolm Brogdon\brogdma01,PG,25,MIL,7,186,7.9,.513,.345,.182,2.1,12.6,7.7,13.6,0.3,0.0,16.8,18.7,,-0.1,0.1,0.0,-0.008,,-3.6,-1.9,-5.5,-0.2
29,Aaron Brooks\brookaa01,PG,33,MIN,2,3,27.8,.515,.333,.667,0.0,0.0,0.0,0.0,0.0,0.0,0.0,59.0,,0.0,0.0,0.0,-0.201,,-1.5,-13.5,-15.0,0.0
30,Jaylen Brown\brownja02,SG,21,BOS,14,436,16.7,.586,.422,.172,3.1,15.1,9.0,8.3,1.3,1.8,8.8,23.9,,0.5,0.5,1.0,.116,,1.8,-0.3,1.5,0.4
31,Lorenzo Brown\brownlo01,PG,27,TOR,4,29,7.1,.414,.500,.200,4.1,21.6,12.7,9.9,0.0,2.7,8.4,18.6,,0.0,0.0,0.0,-0.045,,-5.9,0.0,-5.9,0.0
32,Sterling Brown\brownst02,SG,22,MIL,3,13,23.6,.700,.600,.000,9.9,8.6,9.2,0.0,4.0,0.0,0.0,18.7,,0.0,0.0,0.1,.236,,5.4,-4.1,1.3,0.0
33,Alec Burks\burksal01,SG,26,UTA,9,120,22.2,.581,.313,.234,1.8,20.0,10.8,26.4,1.6,0.7,10.2,28.9,,0.3,0.2,0.4,.168,,3.1,0.6,3.8,0.2
34,Jimmy Butler\butleji01,SG,28,MIN,5,170,16.9,.557,.270,.286,2.0,16.7,9.6,18.8,1.2,0.6,6.6,20.4,,0.3,0.0,0.3,.098,,-0.1,3.1,2.9,0.2
35,Jose Calderon\caldejo01,PG,36,CLE,9,94,2.7,.437,.773,.091,1.3,6.5,3.9,7.7,2.2,0.0,17.9,13.9,,-0.1,0.1,-0.1,-0.034,,-4.6,0.0,-4.6,-0.1
36,Clint Capela\capelca01,C,23,HOU,13,403,25.2,.638,.000,.308,13.3,26.8,20.0,8.4,1.4,6.5,6.2,16.1,,1.4,0.7,2.2,.259,,1.9,4.8,6.7,0.9
37,Ian Clark\clarkia01,SG,26,NOP,9,190,8.0,.517,.424,.061,1.1,4.2,2.7,7.8,2.0,0.8,11.7,17.3,,-0.1,0.2,0.1,.015,,-2.2,0.2,-2.1,0.0
38,Jordan Clarkson\clarkjo01,SG,25,CLE,13,217,4.2,.382,.382,.067,2.8,9.0,5.9,8.7,1.5,0.8,9.8,22.0,,-0.6,0.1,-0.4,-0.093,,-7.0,-1.0,-8.0,-0.3
39,Zach Collins\colliza01,C,20,POR,4,70,11.6,.441,.467,.133,4.4,15.5,9.5,12.2,2.1,2.3,5.9,20.6,,0.0,0.0,0.0,.016,,-2.7,1.5,-1.2,0.0
40,Darren Collison\collida01,PG,30,IND,7,214,14.7,.539,.338,.176,0.6,10.9,6.0,23.4,1.7,0.0,10.9,18.1,,0.3,0.3,0.6,.126,,1.4,-0.1,1.3,0.2
41,Pat Connaughton\connapa01,SG,25,POR,4,59,9.0,.504,.667,.133,3.5,4.1,3.8,13.4,0.8,1.4,5.9,12.2,,0.1,0.0,0.1,.051,,-1.2,-0.4,-1.6,0.0
42,Quinn Cook\cookqu01,PG,24,GSW,11,155,15.0,.579,.458,.288,1.4,13.5,7.6,8.4,1.2,1.1,7.0,20.1,,0.2,0.2,0.4,.137,,1.1,-1.5,-0.4,0.1
43,Robert Covington\covinro01,SF,27,PHI,10,281,9.6,.450,.578,.193,4.5,15.8,10.1,12.7,1.9,2.9,10.9,15.1,,0.0,0.4,0.4,.074,,-1.0,2.1,1.1,0.2
44,Jamal Crawford\crawfja01,SG,37,MIN,5,123,15.5,.560,.362,.277,0.9,10.3,5.7,15.7,2.1,0.0,8.7,21.4,,0.2,0.0,0.2,.065,,-0.7,1.9,1.3,0.1
45,Jordan Crawford\crawfjo02,SG,29,NOP,2,15,34.6,.731,.615,.000,0.0,26.8,13.9,18.5,3.1,0.0,18.8,45.6,,0.0,0.0,0.0,.070,,9.4,-1.0,8.3,0.0
46,Jae Crowder\crowdja01,SF,27,UTA,11,323,8.4,.457,.611,.259,1.3,17.5,9.3,8.7,2.3,0.5,10.4,18.3,,-0.3,0.4,0.1,.021,,-2.5,1.9,-0.7,0.1
47,Stephen Curry\curryst01,PG,29,GSW,7,228,23.2,.617,.476,.210,2.4,16.1,9.4,21.7,2.1,1.5,12.3,29.6,,0.5,0.4,0.9,.191,,6.1,0.0,6.1,0.5
48,Anthony Davis\davisan02,PF,24,NOP,9,358,25.7,.584,.108,.314,7.2,27.2,17.6,7.0,2.3,4.6,9.0,30.5,,0.7,0.7,1.4,.183,,0.4,2.7,3.1,0.5
49,Ed Davis\davised01,C,28,POR,4,71,6.1,.468,.000,.400,7.2,45.9,24.9,0.0,0.0,1.2,25.4,9.5,,-0.1,0.0,-0.1,-0.034,,-11.4,-2.3,-13.7,-0.2
50,Matthew Dellavedova\dellama01,PG,27,MIL,6,78,6.8,.466,.750,.167,1.6,5.7,3.8,27.3,1.3,0.0,31.8,11.8,,0.0,0.0,0.0,.009,,-3.8,-3.0,-6.9,-0.1
51,DeMar DeRozan\derozde01,SG,28,TOR,10,354,16.2,.511,.176,.266,2.0,10.6,6.2,20.3,0.7,1.3,9.4,31.5,,0.2,-0.1,0.2,.023,,-2.9,-1.2,-4.1,-0.2
52,Cheick Diallo\diallch01,PF,21,NOP,7,48,4.6,.417,.000,.000,9.0,10.5,9.7,0.0,1.0,1.7,7.7,11.6,,0.0,0.0,0.0,.015,,-6.0,-0.9,-7.0,-0.1
53,Gorgui Dieng\dienggo01,C,28,MIN,5,70,11.1,.430,.278,.222,4.8,22.6,14.0,8.1,1.4,6.1,4.8,13.5,,0.0,0.1,0.1,.038,,-5.5,7.0,1.5,0.1
54,Goran Dragic\dragigo01,PG,31,MIA,5,156,14.2,.549,.280,.293,2.0,6.9,4.4,27.4,1.5,0.0,15.0,27.5,,0.0,0.0,0.0,.010,,-1.1,-1.6,-2.7,0.0
55,Kevin Durant\duranke01,PF,29,GSW,13,479,24.7,.610,.324,.302,1.8,18.4,10.3,20.4,1.1,1.9,9.8,31.5,,1.4,0.8,2.1,.215,,5.9,-0.2,5.7,0.9
56,Wayne Ellington\ellinwa01,SG,30,MIA,5,101,8.0,.537,.857,.086,1.0,7.5,4.2,4.6,0.9,1.7,7.6,16.8,,0.0,0.0,0.0,.000,,-2.0,-0.7,-2.7,0.0
57,Joel Embiid\embiijo01,C,23,PHI,8,278,18.0,.519,.210,.442,8.7,30.4,19.4,14.8,1.2,4.6,15.0,29.3,,0.0,0.5,0.6,.096,,-1.3,2.2,1.0,0.2
58,Dante Exum\exumda01,PG,22,UTA,10,114,8.0,.551,.171,.293,3.7,9.5,6.6,14.4,0.4,0.8,24.5,23.7,,-0.2,0.1,-0.1,-0.032,,-5.0,-0.8,-5.8,-0.1
59,Derrick Favors\favorde01,C,26,UTA,11,286,16.4,.618,.074,.485,7.4,14.1,10.7,7.1,1.4,3.4,10.8,14.3,,0.5,0.4,0.9,.146,,-0.1,3.5,3.4,0.4
60,Raymond Felton\feltora01,PG,33,OKC,6,79,12.3,.486,.452,.065,2.7,14.5,8.7,18.3,2.5,2.3,13.6,20.4,,0.0,0.1,0.1,.045,,-2.0,1.4,-0.6,0.0
61,Terrance Ferguson\fergute01,SG,19,OKC,3,6,30.0,1.500,1.000,.000,17.8,0.0,8.8,27.4,0.0,0.0,0.0,7.3,,0.1,0.0,0.1,.507,,16.4,-4.5,11.9,0.0
62,Bryn Forbes\forbebr01,SG,24,SAS,4,54,5.4,.423,.529,.412,2.0,4.5,3.1,5.9,0.0,0.0,0.0,17.0,,0.0,0.0,0.0,-0.039,,-4.3,-1.8,-6.2,-0.1
63,Tim Frazier\fraziti01,PG,27,WAS,2,6,15.1,.000,.000,.000,0.0,19.8,9.9,60.5,8.2,0.0,0.0,7.3,,0.0,0.0,0.0,.136,,-4.4,5.1,0.7,0.0
64,Markelle Fultz\fultzma01,SG,19,PHI,3,23,5.6,.285,.000,.571,0.0,14.2,7.0,28.8,4.3,0.0,10.2,17.8,,0.0,0.0,0.0,-0.003,,-6.6,1.1,-5.5,0.0
65,Pau Gasol\gasolpa01,C,37,SAS,5,90,15.0,.615,.150,.500,2.3,29.6,15.1,25.5,0.0,1.0,19.7,15.5,,0.1,0.0,0.2,.094,,-3.1,2.8,-0.3,0.0
66,Rudy Gay\gayru01,PF,31,SAS,5,160,11.2,.442,.277,.138,5.9,14.4,9.9,12.3,2.6,0.5,8.0,21.4,,-0.2,0.1,0.0,-0.012,,-3.3,2.7,-0.6,0.1
67,Paul George\georgpa01,SF,27,OKC,6,251,14.5,.545,.433,.300,1.7,13.3,7.6,11.0,1.6,1.5,15.0,27.8,,0.0,0.3,0.2,.045,,-0.8,-0.6,-1.4,0.0
68,Marcus Georges-Hunt\georgma01,SG,23,MIN,2,3,0.0,.000,.000,.000,37.4,0.0,18.1,0.0,0.0,0.0,0.0,15.2,,0.0,0.0,0.0,-0.222,,-10.2,-3.7,-13.9,0.0
69,Taj Gibson\gibsota01,PF,32,MIN,5,123,10.5,.665,.000,.136,6.4,11.1,8.8,2.4,0.4,1.8,14.6,10.1,,0.2,0.0,0.1,.053,,-3.2,3.4,0.2,0.1
70,Manu Ginobili\ginobma01,SG,40,SAS,5,107,15.2,.538,.486,.297,1.0,15.9,7.9,25.8,3.4,0.8,14.3,20.9,,0.0,0.1,0.2,.069,,-0.3,3.1,2.8,0.1
71,Rudy Gobert\goberru01,C,25,UTA,11,383,19.5,.662,.000,.690,12.0,21.3,16.6,4.5,1.3,5.8,16.1,15.0,,0.8,0.6,1.5,.185,,0.1,4.9,5.1,0.7
72,Eric Gordon\gordoer01,SG,29,HOU,13,404,11.0,.521,.595,.241,2.2,7.4,4.8,7.4,0.9,1.1,8.9,21.2,,0.1,0.3,0.4,.048,,-0.6,-1.6,-2.2,0.0
73,Marcin Gortat\gortama01,C,33,WAS,6,160,11.5,.564,.000,.163,9.7,18.6,14.2,5.5,0.0,1.1,11.5,14.3,,0.2,0.0,0.2,.060,,-2.6,0.9,-1.7,0.0
74,Jerami Grant\grantje01,PF,23,OKC,6,133,11.3,.540,.229,.314,6.4,9.4,7.9,7.1,1.5,2.1,13.1,15.1,,0.1,0.1,0.2,.069,,-2.1,1.0,-1.2,0.0
75,Danny Green\greenda02,SG,30,SAS,5,103,2.6,.350,.667,.000,4.1,8.2,6.0,1.5,0.5,3.4,6.3,14.2,,-0.2,0.0,-0.2,-0.092,,-6.7,1.6,-5.0,-0.1
76,Draymond Green\greendr01,PF,27,GSW,13,485,17.3,.521,.423,.277,6.6,25.5,16.3,30.1,2.4,3.1,21.1,16.6,,0.6,1.1,1.7,.166,,2.1,5.1,7.2,1.1
77,Gerald Green\greenge01,SG,32,HOU,13,197,10.4,.539,.764,.097,3.3,20.9,12.1,0.8,1.0,1.3,7.4,18.4,,0.1,0.2,0.3,.066,,-2.1,-2.8,-5.0,-0.1
78,Jeff Green\greenje02,PF,31,CLE,14,307,12.1,.555,.506,.407,1.6,9.1,5.3,10.5,1.0,2.9,8.6,16.0,,0.3,0.2,0.6,.089,,-1.3,0.8,-0.5,0.1
79,James Harden\hardeja01,SG,28,HOU,13,455,27.1,.565,.442,.358,2.2,14.7,8.4,37.4,2.8,1.5,11.5,36.6,,1.3,0.7,2.0,.209,,7.5,1.4,8.9,1.3
80,Maurice Harkless\harklma01,SF,24,POR,2,53,12.9,.615,.462,.000,5.8,11.4,8.4,10.4,0.0,1.5,7.1,11.3,,0.1,0.0,0.1,.090,,-0.3,0.4,0.1,0.0
81,John Henson\hensojo01,C,27,MIL,2,74,15.0,.684,.000,.154,6.9,12.0,9.7,9.9,0.0,8.4,22.4,11.8,,0.1,0.1,0.2,.110,,-1.9,3.8,1.9,0.1
82,Nene Hilario\hilarne01,C,35,HOU,11,107,11.1,.624,.000,.550,6.1,22.9,14.5,6.7,0.9,4.0,24.4,13.7,,0.1,0.2,0.2,.090,,-4.6,2.6,-1.9,0.0
83,George Hill\hillge01,PG,31,CLE,11,300,11.2,.603,.397,.471,2.0,6.9,4.4,11.7,0.3,1.5,11.8,14.6,,0.5,0.1,0.6,.095,,-1.1,-0.4,-1.4,0.0
84,Solomon Hill\hillso01,SF,26,NOP,9,114,7.1,.561,.640,.400,5.7,9.7,7.8,7.5,0.4,0.7,16.9,13.3,,0.1,0.1,0.1,.057,,-1.2,-0.1,-1.3,0.0
85,Jrue Holiday\holidjr01,SG,27,NOP,9,348,19.6,.581,.294,.176,2.8,12.1,7.6,25.6,1.3,1.1,11.2,25.3,,0.6,0.3,1.0,.131,,3.4,0.7,4.1,0.5
86,Richaun Holmes\holmeri01,C,24,PHI,3,11,-4.2,.000,.000,.000,0.0,9.9,4.9,11.4,0.0,0.0,0.0,3.8,,0.0,0.0,0.0,-0.019,,-7.5,-0.2,-7.7,0.0
87,Rodney Hood\hoodro01,SG,25,CLE,12,200,4.6,.447,.274,.145,1.2,8.5,4.8,11.0,0.8,0.9,14.3,18.1,,-0.3,0.1,-0.2,-0.043,,-6.2,-0.7,-6.9,-0.2
88,Al Horford\horfoal01,C,31,BOS,15,525,22.1,.656,.216,.358,5.8,21.5,13.6,17.5,1.6,3.3,13.0,18.8,,1.5,0.8,2.3,.215,,3.4,3.7,7.1,1.2
89,Josh Huestis\huestjo01,PF,26,OKC,4,19,7.9,.521,.000,1.000,0.0,16.5,8.3,0.0,2.6,4.8,0.0,6.6,,0.0,0.0,0.0,.098,,-6.3,2.8,-3.6,0.0
90,Serge Ibaka\ibakase01,PF,28,TOR,10,260,10.9,.533,.333,.306,6.0,22.1,13.9,6.2,0.2,3.9,16.4,17.1,,0.0,0.1,0.1,.014,,-4.5,1.9,-2.6,0.0
91,Andre Iguodala\iguodan01,SF,34,GSW,13,357,13.8,.591,.425,.438,3.1,15.9,9.6,14.5,2.4,1.2,13.0,12.2,,0.5,0.7,1.2,.158,,1.7,2.4,4.1,0.6
92,Ersan Ilyasova\ilyaser01,PF,30,PHI,10,233,14.3,.499,.369,.250,11.8,23.3,17.4,8.7,1.5,1.6,9.7,18.6,,0.2,0.4,0.5,.112,,0.1,0.3,0.4,0.1
93,Joe Ingles\inglejo01,SF,30,UTA,11,382,12.3,.623,.636,.140,1.4,12.3,6.8,15.2,0.8,0.5,16.8,17.8,,0.4,0.3,0.7,.086,,1.5,0.5,2.0,0.4
94,Aaron Jackson\jacksaa01,PG,31,HOU,6,13,7.7,.512,.500,.500,16.8,8.6,12.7,11.7,0.0,0.0,29.1,23.6,,0.0,0.0,0.0,-0.043,,-3.2,-2.7,-5.8,0.0
95,LeBron James\jamesle01,PF,33,CLE,14,568,34.0,.623,.229,.439,3.8,23.0,13.3,49.9,1.8,2.5,11.9,34.7,,3.0,0.7,3.7,.311,,11.1,4.6,15.7,2.5
96,Brandon Jennings\jennibr01,PG,28,MIL,1,5,-9.9,.347,1.000,1.000,0.0,0.0,0.0,0.0,0.0,0.0,25.8,37.7,,0.0,0.0,0.0,-0.468,,-14.4,-9.5,-23.9,0.0
97,Jonas Jerebko\jerebjo01,PF,30,UTA,10,79,9.0,.478,.316,.105,5.4,16.5,10.9,5.5,1.9,0.0,4.8,11.7,,0.0,0.1,0.1,.081,,-2.7,1.4,-1.3,0.0
98,Amir Johnson\johnsam01,C,30,PHI,8,94,15.2,.560,.000,.238,15.7,10.4,13.1,14.1,1.0,1.0,11.5,11.7,,0.2,0.1,0.3,.160,,1.6,0.4,2.0,0.1
99,Dakari Johnson\johnsda04,C,22,OKC,2,3,0.0,,,,0.0,0.0,0.0,0.0,0.0,0.0,,0.0,,0.0,0.0,0.0,.000,,-6.6,1.0,-5.6,0.0
100,James Johnson\johnsja01,PF,30,MIA,5,161,16.2,.644,.310,.333,1.9,18.0,9.8,24.1,1.8,3.2,17.2,15.6,,0.3,0.1,0.4,.113,,-0.7,3.6,3.0,0.2
101,Joe Johnson\johnsjo02,SF,36,HOU,6,41,2.5,.417,.083,.000,0.0,21.7,10.8,7.1,0.0,2.1,20.0,16.3,,-0.1,0.0,-0.1,-0.086,,-9.8,0.2,-9.6,-0.1
102,Tyler Johnson\johnsty01,PG,25,MIA,5,81,14.3,.688,.385,.269,1.3,9.3,5.2,8.4,1.2,0.0,6.4,16.5,,0.2,0.0,0.2,.122,,0.5,-0.9,-0.4,0.0
103,Damian Jones\jonesda03,C,22,GSW,4,11,-4.7,.602,.000,1.500,10.0,19.1,14.7,0.0,0.0,0.0,47.5,25.1,,-0.1,0.0,0.0,-0.174,,-13.0,-5.4,-18.4,0.0
104,Tyus Jones\jonesty01,PG,21,MIN,4,55,6.0,.286,.286,.000,0.0,17.2,8.9,19.3,0.9,0.0,12.5,6.6,,0.0,0.0,0.0,-0.020,,-6.7,4.0,-2.7,0.0
105,Cory Joseph\josepco01,PG,26,IND,7,143,12.7,.463,.333,.182,1.8,12.3,7.2,20.4,3.3,1.5,10.1,13.1,,0.1,0.3,0.4,.125,,-0.2,3.0,2.9,0.2
106,Furkan Korkmaz\korkmfu01,SG,20,PHI,1,2,56.8,1.500,1.000,.000,0.0,0.0,0.0,0.0,0.0,0.0,0.0,21.0,,0.0,0.0,0.0,.350,,31.8,-8.4,23.4,0.0
107,Kyle Korver\korveky01,SG,36,CLE,14,352,14.9,.693,.790,.120,1.4,11.4,6.4,5.9,1.2,0.8,8.7,15.4,,0.8,0.2,1.0,.142,,2.5,-0.4,2.2,0.4
108,Shane Larkin\larkish01,PG,25,BOS,11,154,10.0,.551,.371,.143,0.7,7.5,4.1,19.6,1.7,0.0,13.9,12.9,,0.1,0.1,0.3,.090,,-1.4,-0.9,-2.3,0.0
109,Joffrey Lauvergne\lauvejo01,C,26,SAS,1,6,16.5,1.000,.000,.000,0.0,20.2,9.4,0.0,0.0,0.0,0.0,7.6,,0.0,0.0,0.0,.154,,-2.5,-1.7,-4.2,0.0
110,Ty Lawson\lawsoty01,PG,30,WAS,5,96,12.1,.506,.308,.231,2.5,13.6,8.1,21.3,1.5,0.0,9.5,14.5,,0.1,0.0,0.2,.076,,-1.5,1.0,-0.5,0.0
111,Jake Layman\laymaja01,SF,23,POR,1,8,50.9,1.000,.000,.000,0.0,15.1,6.9,25.8,12.2,0.0,0.0,16.0,,0.1,0.0,0.1,.533,,13.4,8.8,22.2,0.0
112,T.J. Leaf\leaftj01,PF,20,IND,1,4,0.0,,,,0.0,0.0,0.0,0.0,0.0,0.0,,0.0,,0.0,0.0,0.0,.019,,-4.1,1.5,-2.5,0.0
113,Meyers Leonard\leoname01,C,25,POR,2,8,48.4,1.000,.000,.000,0.0,60.4,27.7,0.0,0.0,0.0,0.0,21.3,,0.1,0.0,0.1,.348,,3.3,-7.7,-4.4,0.0
114,DeAndre Liggins\liggide01,SG,29,NOP,3,14,-7.7,.266,.000,2.000,0.0,7.2,3.7,0.0,0.0,0.0,51.5,11.8,,-0.1,0.0,-0.1,-0.236,,-13.5,-0.4,-13.8,0.0
115,Damian Lillard\lillada01,PG,27,POR,4,162,9.4,.471,.423,.239,1.9,11.2,6.1,16.6,1.5,0.0,16.9,24.9,,-0.2,0.0,-0.2,-0.062,,-4.2,-0.4,-4.6,-0.1
116,Shaun Livingston\livinsh01,PG,32,GSW,13,225,12.6,.533,.013,.266,3.9,10.3,7.2,14.6,0.9,0.4,10.2,19.1,,0.2,0.3,0.5,.104,,-1.2,-1.1,-2.3,0.0
117,Kevon Looney\looneke01,C,21,GSW,13,265,11.9,.570,.043,.326,10.0,15.0,12.6,6.8,1.8,2.2,13.2,10.0,,0.4,0.5,0.8,.150,,0.4,2.7,3.0,0.3
118,Kevin Love\loveke01,C,29,CLE,14,463,14.8,.519,.355,.247,8.0,30.8,19.3,7.9,1.0,1.2,12.0,23.8,,0.2,0.5,0.7,.077,,-3.0,0.4,-2.5,-0.1
119,Kyle Lowry\lowryky01,PG,31,TOR,10,361,19.9,.659,.534,.271,0.7,14.2,7.3,37.0,2.1,0.0,19.0,20.5,,1.1,0.0,1.1,.150,,3.7,0.2,3.9,0.5
120,Ian Mahinmi\mahinia01,C,31,WAS,6,52,30.3,.796,.000,.786,9.2,16.0,12.6,3.0,3.8,8.2,5.0,16.8,,0.3,0.1,0.4,.358,,3.8,6.1,9.9,0.2
121,Thon Maker\makerth01,C,20,MIL,6,130,11.2,.531,.714,.250,5.9,14.6,10.5,5.4,0.8,7.6,11.4,13.1,,0.1,0.2,0.2,.081,,-1.5,2.9,1.4,0.1
122,Luc Mbah a Moute\mbahalu01,PF,31,HOU,8,135,2.7,.345,.412,.147,1.6,15.7,8.6,3.0,1.5,2.5,14.2,14.0,,-0.4,0.2,-0.2,-0.067,,-7.8,1.3,-6.5,-0.2
123,C.J. McCollum\mccolcj01,SG,26,POR,4,155,19.5,.610,.338,.169,0.0,6.2,2.9,15.0,1.6,0.5,9.8,25.3,,0.4,0.0,0.4,.111,,2.1,-1.6,0.4,0.1
124,T.J. McConnell\mccontj01,PG,25,PHI,10,155,17.8,.720,.083,.139,4.1,14.0,9.0,23.3,1.9,0.0,13.6,12.0,,0.4,0.2,0.6,.194,,2.5,0.0,2.4,0.2
125,JaVale McGee\mcgeeja01,C,30,GSW,9,103,21.9,.626,.026,.211,12.8,21.4,17.2,6.0,1.4,4.9,8.8,19.3,,0.3,0.2,0.5,.229,,1.4,1.5,2.9,0.1
126,Rodney McGruder\mcgruro01,SG,26,MIA,4,16,-3.0,.250,.500,.000,0.0,26.9,13.2,0.0,0.0,0.0,0.0,10.8,,0.0,0.0,0.0,-0.109,,-12.4,-3.0,-15.5,-0.1
127,Khris Middleton\middlkh01,SF,26,MIL,7,275,22.4,.719,.366,.170,0.5,14.2,7.8,14.3,1.1,1.6,11.7,24.1,,0.9,0.2,1.1,.195,,5.4,-1.0,4.4,0.4
128,C.J. Miles\milescj01,SF,30,TOR,10,227,13.1,.615,.634,.225,3.2,9.9,6.5,5.3,1.6,1.0,10.3,17.4,,0.3,0.0,0.3,.073,,0.4,-0.1,0.2,0.1
129,Darius Miller\milleda01,SF,27,NOP,9,162,8.6,.587,.706,.176,1.3,11.2,6.4,8.4,1.4,0.0,14.1,11.3,,0.1,0.1,0.2,.067,,-0.9,0.8,0.0,0.1
130,Patty Mills\millspa02,PG,29,SAS,5,165,10.4,.566,.614,.088,1.3,5.9,3.4,13.8,0.9,0.5,13.2,18.9,,0.0,0.0,0.0,.011,,-0.7,-0.2,-0.9,0.0
131,Nikola Mirotic\mirotni01,PF,26,NOP,9,320,15.8,.612,.500,.186,3.0,24.2,14.0,6.3,1.5,3.0,8.3,16.1,,0.4,0.5,0.9,.138,,0.7,3.0,3.7,0.5
132,Donovan Mitchell\mitchdo01,SG,21,UTA,11,411,16.7,.512,.329,.177,2.3,14.8,8.5,20.8,1.9,0.9,10.9,31.5,,0.0,0.5,0.5,.062,,0.4,0.8,1.3,0.3
133,Greg Monroe\monrogr01,C,27,BOS,10,99,16.5,.546,.000,.595,15.9,22.1,19.0,8.6,0.5,1.8,20.4,27.2,,0.0,0.1,0.1,.060,,-3.8,-0.9,-4.7,-0.1
134,E'Twaun Moore\mooreet01,SG,28,NOP,9,284,8.7,.537,.284,.182,2.3,6.0,4.2,7.1,1.0,0.3,10.4,16.0,,0.0,0.2,0.2,.034,,-1.7,0.1,-1.7,0.0
135,Marcus Morris\morrima03,PF,28,BOS,15,437,9.3,.474,.309,.275,3.1,17.9,10.4,6.3,0.5,1.0,6.6,22.4,,-0.2,0.4,0.3,.030,,-3.4,-1.2,-4.7,-0.3
136,Markieff Morris\morrima02,PF,28,WAS,6,181,13.4,.552,.245,.204,9.2,20.4,14.8,8.0,1.1,2.4,10.1,14.5,,0.2,0.1,0.4,.097,,-1.0,3.0,2.0,0.2
137,Shabazz Muhammad\muhamsh01,SG,25,MIL,4,29,23.2,.563,.250,.250,0.0,15.4,8.2,0.0,3.6,3.1,8.3,40.6,,0.0,0.0,0.0,.024,,-5.2,-6.4,-11.6,-0.1
138,Dejounte Murray\murrade01,PG,21,SAS,5,96,16.3,.558,.194,.290,4.4,21.5,12.4,16.3,2.7,1.8,12.5,19.0,,0.1,0.1,0.2,.095,,-1.8,4.4,2.6,0.1
139,Abdel Nader\naderab01,SF,24,BOS,9,30,5.7,.358,.267,.267,3.7,7.7,5.7,16.7,1.7,2.9,10.7,28.7,,-0.1,0.0,-0.1,-0.133,,-7.3,-1.1,-8.4,0.0
140,Larry Nance\nancela02,C,25,CLE,12,182,17.0,.695,.000,.303,7.3,22.1,14.6,7.0,3.2,2.9,15.8,11.5,,0.3,0.3,0.6,.168,,-1.2,4.7,3.5,0.3
141,Shabazz Napier\napiesh01,PG,26,POR,2,35,4.3,.463,.364,.182,0.0,6.9,3.2,12.0,4.2,0.0,33.6,21.8,,-0.2,0.0,-0.1,-0.182,,-9.0,1.6,-7.4,0.0
142,Raul Neto\netora01,PG,25,UTA,8,72,7.4,.417,.304,.217,3.0,12.1,7.5,20.2,1.4,0.0,13.7,17.9,,-0.1,0.1,0.0,.005,,-4.2,0.2,-4.0,0.0
143,Lucas Nogueira\noguelu01,C,25,TOR,5,24,-9.8,.266,.000,2.000,0.0,5.2,2.5,5.2,0.0,0.0,61.5,9.2,,-0.1,0.0,-0.1,-0.226,,-12.0,0.5,-11.4,-0.1
144,Jusuf Nurkic\nurkiju01,C,23,POR,4,94,23.0,.536,.000,.282,13.0,25.7,18.8,6.5,3.1,4.3,6.4,21.3,,0.2,0.1,0.3,.160,,-1.5,3.8,2.3,0.1
145,Royce O'Neale\onealro01,SF,24,UTA,11,259,9.5,.606,.500,.339,1.2,14.7,7.9,8.5,1.9,1.4,19.9,13.7,,0.0,0.3,0.4,.069,,-1.7,2.7,1.0,0.2
146,Semi Ojeleye\ojelese01,PF,23,BOS,15,220,2.5,.422,.645,.161,2.0,11.5,6.7,1.3,0.7,0.0,5.7,7.3,,-0.1,0.2,0.1,.021,,-4.0,-0.1,-4.1,-0.1
147,Emeka Okafor\okafoem01,C,35,NOP,1,4,-13.9,.000,.000,.000,0.0,0.0,0.0,0.0,0.0,0.0,0.0,10.7,,0.0,0.0,0.0,-0.263,,-13.4,-1.2,-14.6,0.0
148,Victor Oladipo\oladivi01,SG,25,IND,7,261,21.9,.548,.449,.323,1.5,24.7,13.6,26.8,3.4,1.3,14.2,30.5,,0.3,0.6,0.9,.159,,4.0,3.6,7.5,0.6
149,Kelly Olynyk\olynyke01,PF,26,MIA,5,146,17.4,.606,.432,.455,5.0,11.8,8.3,21.0,2.3,3.5,13.2,17.9,,0.3,0.1,0.4,.125,,1.0,3.2,4.2,0.2
150,Chinanu Onuaku\onuakch01,C,21,HOU,1,3,38.0,,,,36.5,0.0,18.4,41.1,16.5,0.0,,0.0,,0.0,0.0,0.0,.591,,12.8,14.9,27.8,0.0
151,Cedi Osman\osmande01,SF,22,CLE,8,49,5.6,.339,.462,.308,2.4,10.0,6.2,9.0,3.2,0.0,0.0,14.2,,-0.1,0.1,0.0,-0.009,,-4.9,0.9,-4.0,0.0
152,Kelly Oubre\oubreke01,SF,22,WAS,6,148,9.8,.501,.396,.375,0.8,17.7,9.3,3.8,2.0,1.7,8.2,18.1,,0.0,0.1,0.1,.031,,-4.0,1.5,-2.6,0.0
153,Zaza Pachulia\pachuza01,C,33,GSW,4,17,36.4,.678,.000,1.500,32.4,12.3,22.1,8.5,8.5,0.0,13.1,19.6,,0.1,0.1,0.1,.417,,10.1,4.7,14.9,0.1
154,Jabari Parker\parkeja01,PF,22,MIL,7,167,15.9,.517,.306,.210,6.1,23.4,15.4,9.4,2.2,2.1,8.1,21.5,,0.1,0.2,0.3,.091,,-1.8,0.8,-1.0,0.0
155,Tony Parker\parketo01,PG,35,SAS,5,67,7.7,.412,.135,.189,0.0,7.2,3.4,17.5,1.5,0.0,9.1,30.1,,-0.2,0.0,-0.2,-0.151,,-7.7,-1.7,-9.4,-0.1
156,Patrick Patterson\pattepa01,PF,28,OKC,6,58,4.4,.667,.667,.000,1.8,18.0,10.0,7.2,0.8,0.0,33.3,6.8,,0.0,0.1,0.1,.043,,-4.2,0.6,-3.6,0.0
157,Brandon Paul\paulbr01,SG,26,SAS,1,3,15.5,,,,0.0,40.4,18.8,46.2,0.0,0.0,,0.0,,0.0,0.0,0.0,.168,,-6.6,3.0,-3.6,0.0
158,Chris Paul\paulch01,PG,32,HOU,13,438,23.0,.568,.372,.206,1.7,18.6,10.1,30.4,2.9,0.8,9.5,26.8,,1.1,0.7,1.8,.196,,4.6,1.9,6.4,0.9
159,Jakob Poeltl\poeltja01,C,22,TOR,9,140,14.6,.622,.032,.613,12.8,18.8,15.7,6.3,1.1,2.2,16.9,15.4,,0.3,0.0,0.3,.109,,-1.8,1.6,-0.2,0.1
160,Otto Porter\porteot01,SF,24,WAS,5,158,12.8,.562,.293,.195,0.8,18.1,9.4,7.2,1.9,2.7,6.3,13.3,,0.1,0.1,0.3,.078,,-2.1,3.6,1.5,0.1
161,Norman Powell\powelno01,SG,24,TOR,6,40,1.2,.381,.500,.286,0.0,6.3,3.1,7.1,0.0,0.0,6.0,19.0,,-0.1,0.0,-0.1,-0.115,,-7.2,-3.4,-10.6,-0.1
162,Zhou Qi\qizh01,C,22,HOU,3,6,16.1,1.000,.000,.000,0.0,18.6,9.2,0.0,0.0,0.0,0.0,7.4,,0.0,0.0,0.0,.177,,-1.1,-3.5,-4.6,0.0
163,J.J. Redick\redicjj01,SG,33,PHI,10,342,14.8,.593,.556,.311,0.9,3.8,2.3,12.2,1.2,0.3,6.7,20.2,,0.8,0.3,1.1,.148,,3.5,-3.1,0.4,0.2
164,Josh Richardson\richajo01,SF,24,MIA,5,130,12.8,.487,.475,.175,3.2,9.1,6.1,16.6,4.0,3.3,10.4,15.9,,0.0,0.1,0.2,.057,,-2.1,4.4,2.3,0.1
165,Glenn Robinson\robingl02,SF,24,IND,2,6,17.0,1.000,.000,.000,0.0,19.5,10.2,0.0,0.0,0.0,0.0,7.9,,0.0,0.0,0.0,.205,,0.9,-3.2,-2.4,0.0
166,Rajon Rondo\rondora01,PG,31,NOP,9,302,15.5,.474,.207,.152,3.2,19.6,11.7,47.4,2.0,0.5,25.2,18.6,,0.1,0.4,0.5,.082,,-1.2,2.4,1.2,0.2
167,Derrick Rose\rosede01,PG,29,MIN,5,119,16.5,.591,.175,.123,0.9,7.1,4.1,19.9,0.8,0.0,11.8,26.1,,0.1,0.0,0.1,.044,,-0.8,-0.2,-1.0,0.0
168,Terry Rozier\roziete01,PG,23,BOS,15,546,18.0,.564,.539,.243,1.6,15.4,8.4,24.5,1.4,1.0,8.1,20.9,,1.2,0.6,1.8,.161,,4.0,0.6,4.5,0.9
169,Ricky Rubio\rubiori01,PG,27,UTA,6,181,15.8,.471,.405,.291,2.9,23.5,13.1,36.8,2.2,1.5,16.8,26.1,,-0.1,0.3,0.2,.063,,0.0,3.5,3.4,0.3
170,Domantas Sabonis\sabondo01,C,21,IND,7,166,18.7,.622,.113,.290,10.7,12.7,11.8,5.1,0.3,1.3,9.1,21.9,,0.5,0.2,0.6,.183,,2.5,-1.6,0.9,0.1
171,Dario Saric\saricda01,PF,23,PHI,10,329,18.6,.546,.371,.286,10.3,13.5,11.9,17.2,1.5,1.1,8.7,22.0,,0.8,0.4,1.2,.172,,4.2,0.0,4.3,0.5
172,Tomas Satoransky\satorto01,SG,26,WAS,6,60,-0.9,.237,.231,.308,10.0,7.9,8.9,6.3,0.0,0.0,16.9,13.0,,-0.2,0.0,-0.2,-0.139,,-7.8,0.0,-7.8,-0.1
173,Mike Scott\scottmi01,PF,29,WAS,6,126,19.1,.745,.268,.146,5.7,14.2,9.9,5.1,0.8,0.7,10.3,17.0,,0.4,0.0,0.4,.162,,2.4,-0.1,2.3,0.1
174,Pascal Siakam\siakapa01,PF,23,TOR,10,179,14.0,.663,.098,.488,6.0,18.9,12.3,6.7,0.3,2.6,12.3,14.4,,0.4,0.0,0.4,.104,,-1.8,1.3,-0.5,0.1
175,Ben Simmons\simmobe01,PG,21,PHI,10,369,16.5,.541,.008,.464,4.6,22.9,13.6,33.0,2.3,2.0,22.6,22.1,,0.1,0.6,0.8,.102,,-0.4,3.3,2.9,0.5
176,Marcus Smart\smartma01,SG,23,BOS,11,332,11.3,.444,.450,.358,3.4,10.4,6.9,25.7,3.3,2.1,18.2,21.3,,-0.3,0.5,0.2,.030,,-1.6,2.4,0.8,0.2
177,J.R. Smith\smithjr01,SG,32,CLE,14,437,7.8,.515,.621,.103,1.6,8.7,5.1,5.5,1.8,0.4,9.7,14.4,,0.0,0.3,0.3,.036,,-1.9,0.7,-1.2,0.1
178,Jason Smith\smithja02,C,31,WAS,1,2,0.0,,,,0.0,0.0,0.0,0.0,0.0,0.0,,0.0,,0.0,0.0,0.0,-0.020,,-6.0,2.2,-3.8,0.0
179,Tony Snell\snellto01,SG,26,MIL,7,134,3.4,.396,.875,.000,1.0,10.0,5.8,4.0,1.2,2.7,11.1,9.8,,-0.2,0.1,-0.1,-0.025,,-4.0,0.9,-3.2,0.0
180,Lance Stephenson\stephla01,SG,27,IND,7,149,13.7,.529,.400,.138,2.6,12.6,7.8,22.3,0.7,0.7,11.5,24.7,,0.1,0.2,0.3,.089,,1.5,-1.2,0.3,0.1
181,David Stockton\stockda01,PG,26,UTA,2,6,-0.9,.333,.333,.000,0.0,18.1,9.0,0.0,0.0,0.0,0.0,22.1,,0.0,0.0,0.0,-0.136,,-10.8,-5.8,-16.6,0.0
182,Caleb Swanigan\swanica01,PF,20,POR,1,8,2.5,.399,.500,2.000,0.0,30.2,13.8,14.5,0.0,0.0,21.0,25.4,,0.0,0.0,0.0,-0.162,,-9.9,-1.2,-11.1,0.0
183,Jayson Tatum\tatumja01,SF,19,BOS,15,523,16.6,.572,.266,.379,1.9,12.1,7.0,14.4,1.7,1.3,11.6,23.5,,0.7,0.6,1.3,.118,,0.9,0.5,1.4,0.4
184,Jeff Teague\teaguje01,PG,29,MIN,5,153,13.1,.556,.353,.333,2.2,10.3,6.4,29.6,1.0,1.4,19.3,21.6,,0.1,0.0,0.1,.028,,-1.5,2.1,0.6,0.1
185,Jason Terry\terryja01,SG,40,MIL,3,44,5.5,.600,1.000,.000,2.9,2.5,2.7,6.0,1.2,0.0,16.7,6.6,,0.0,0.0,0.0,.039,,-1.1,-1.3,-2.4,0.0
186,Klay Thompson\thompkl01,SG,27,GSW,13,494,13.4,.549,.419,.087,1.6,10.0,5.9,9.1,0.8,0.8,7.0,22.6,,0.4,0.6,1.0,.094,,1.5,-1.7,-0.2,0.2
187,Tristan Thompson\thomptr01,C,26,CLE,11,200,18.3,.699,.000,.436,18.6,17.7,18.2,4.7,0.3,0.4,14.7,12.8,,0.7,0.1,0.8,.194,,1.0,-0.4,0.6,0.1
188,Karl-Anthony Towns\townska01,C,22,MIN,5,170,16.8,.542,.183,.383,9.9,32.2,21.4,10.3,0.6,3.2,14.6,22.0,,0.1,0.1,0.2,.066,,-3.5,4.8,1.3,0.1
189,P.J. Tucker\tuckepj01,PF,32,HOU,13,401,12.0,.681,.711,.120,2.5,15.8,9.1,5.7,0.5,2.5,8.4,10.6,,0.7,0.4,1.1,.131,,1.0,1.3,2.3,0.4
190,Evan Turner\turneev01,SF,29,POR,3,87,8.2,.413,.212,.061,5.9,9.7,7.6,15.9,1.7,0.9,15.0,19.6,,-0.1,0.0,-0.1,-0.058,,-5.1,1.1,-4.0,0.0
191,Myles Turner\turnemy01,C,21,IND,7,196,15.3,.698,.241,.352,3.9,17.9,11.2,3.2,0.5,2.2,15.0,17.7,,0.4,0.3,0.6,.159,,1.1,0.0,1.1,0.2
192,Ekpe Udoh\udohek01,C,30,UTA,6,21,3.1,.362,.000,4.000,5.1,10.4,7.7,0.0,0.0,8.4,26.6,7.9,,0.0,0.0,0.0,-0.043,,-8.7,3.9,-4.8,0.0
193,Jonas Valanciunas\valanjo01,C,25,TOR,10,244,25.2,.599,.047,.318,14.7,38.4,26.3,8.7,0.8,4.8,13.5,26.2,,0.6,0.2,0.8,.155,,-2.0,2.3,0.3,0.1
194,Fred VanVleet\vanvlfr01,PG,23,TOR,6,114,8.0,.482,.718,.205,0.0,11.0,5.4,16.6,0.0,0.0,8.6,18.5,,0.0,-0.1,0.0,-0.006,,-2.3,-2.5,-4.8,-0.1
195,Dwyane Wade\wadedw01,SG,36,MIA,5,127,17.3,.510,.057,.371,2.4,15.3,8.7,27.3,2.6,0.7,11.9,31.4,,0.0,0.1,0.1,.032,,-2.7,1.4,-1.4,0.0
196,John Wall\walljo01,PG,27,WAS,6,234,24.1,.528,.165,.370,1.5,15.8,8.7,50.2,3.0,2.9,15.5,32.9,,0.4,0.2,0.6,.124,,2.7,4.3,7.1,0.5
197,David West\westda01,C,37,GSW,12,130,21.2,.629,.026,.105,5.9,17.7,12.0,27.7,2.2,4.5,13.1,15.4,,0.4,0.3,0.7,.244,,2.6,3.6,6.2,0.3
198,Russell Westbrook\westbru01,PG,29,OKC,6,235,20.2,.493,.261,.248,5.0,27.1,16.2,38.1,1.9,0.0,14.8,39.0,,-0.1,0.4,0.3,.052,,2.1,2.4,4.5,0.4
199,Derrick White\whitede01,PG,23,SAS,3,18,20.0,.583,.333,.000,0.0,0.0,0.0,10.0,2.9,9.7,0.0,15.2,,0.0,0.0,0.0,.125,,-2.0,4.3,2.2,0.0
200,Hassan Whiteside\whiteha01,C,28,MIA,5,77,6.9,.505,.000,.650,13.4,28.0,20.6,2.0,0.0,6.7,31.8,21.1,,-0.2,0.1,-0.1,-0.082,,-11.6,1.9,-9.7,-0.1
201,Andrew Wiggins\wiggian01,SF,22,MIN,5,164,11.7,.514,.309,.294,3.4,13.5,8.6,10.0,0.6,1.3,10.5,23.9,,0.0,0.0,0.0,-0.011,,-3.5,1.7,-1.8,0.0
202,Justise Winslow\winslju01,PF,21,MIA,5,125,12.0,.495,.452,.405,5.8,22.4,13.9,16.2,1.5,2.7,13.9,19.8,,0.0,0.1,0.1,.037,,-3.1,2.9,-0.2,0.1
203,Delon Wright\wrighde01,PG,25,TOR,10,215,18.0,.573,.309,.235,1.7,11.0,6.3,16.3,3.5,3.3,10.7,17.7,,0.3,0.2,0.5,.114,,-0.6,3.6,3.0,0.3
204,Guerschon Yabusele\yabusgu01,PF,22,BOS,10,44,2.6,.217,.571,.714,7.7,18.3,12.9,6.1,2.3,0.0,0.0,9.6,,-0.1,0.1,0.0,.002,,-4.8,1.5,-3.4,0.0
205,Joe Young\youngjo01,PG,25,IND,1,3,-5.8,,,,0.0,0.0,0.0,0.0,0.0,0.0,,0.0,,0.0,0.0,0.0,.025,,-4.1,1.5,-2.5,0.0
206,Nick Young\youngni01,SG,32,GSW,12,121,6.6,.526,.939,.152,0.9,6.9,4.0,3.2,0.8,0.0,2.8,13.1,,0.1,0.1,0.2,.074,,0.7,-2.6,-1.9,0.0
207,Thaddeus Young\youngth01,PF,29,IND,7,237,17.9,.601,.117,.217,11.8,15.8,13.9,6.5,2.7,2.8,9.6,14.5,,0.5,0.4,0.9,.188,,2.9,3.8,6.7,0.5
208,Tyler Zeller\zellety01,C,28,MIL,7,66,13.4,.814,.000,.800,3.9,20.3,12.6,6.1,3.2,4.1,12.9,5.7,,0.1,0.1,0.3,.184,,-0.8,4.7,3.9,0.1
209,Ante Zizic\zizican01,C,21,CLE,4,15,-6.7,.258,.000,.667,0.0,40.7,20.2,9.6,0.0,0.0,20.5,30.6,,-0.1,0.0,-0.1,-0.383,,-21.2,-1.7,-22.9,-0.1