Thu Nov 1 2018,7:30p,Sacramento Kings,,Atlanta Hawks,,,,,
Thu Nov 1 2018,8:00p,Milwaukee Bucks,,Boston Celtics,,,,,
Thu Nov 1 2018,7:00p,Oklahoma City Thunder,,Charlotte Hornets,,,,,
Thu Nov 1 2018,7:00p,Denver Nuggets,,Cleveland Cavaliers,,,,,
Thu Nov 1 2018,7:00p,Los Angeles Clippers,,Philadelphia 76ers,,,,,
Thu Nov 1 2018,10:30p,New Orleans Pelicans,,Portland Trail Blazers,,,,,
Fri Nov 2 2018,7:30p,Houston Rockets,,Brooklyn Nets,,,,,
Fri Nov 2 2018,8:00p,Indiana Pacers,,Chicago Bulls,,,,,
Fri Nov 2 2018,8:30p,New York Knicks,,Dallas Mavericks,,,,,
Fri Nov 2 2018,10:30p,Minnesota Timberwolves,,Golden State Warriors,,,,,
Fri Nov 2 2018,7:00p,Los Angeles Clippers,,Orlando Magic,,,,,
Fri Nov 2 2018,10:00p,Toronto Raptors,,Phoenix Suns,,,,,
Fri Nov 2 2018,9:00p,Memphis Grizzlies,,Utah Jazz,,,,,
Fri Nov 2 2018,8:00p,Oklahoma City Thunder,,Washington Wizards,,,,,
Sat Nov 3 2018,7:30p,Miami Heat,,Atlanta Hawks,,,,,
Sat Nov 3 2018,8:00p,Houston Rockets,,Chicago Bulls,,,,,
Sat Nov 3 2018,7:00p,Cleveland Cavaliers,,Charlotte Hornets,,,,,
Sat Nov 3 2018,9:00p,Utah Jazz,,Denver Nuggets,,,,,
Sat Nov 3 2018,7:00p,Boston Celtics,,Indiana Pacers,,,,,
Sat Nov 3 2018,1:00p,Detroit Pistons,,Philadelphia 76ers,,,,,
Sat Nov 3 2018,10:00p,Los Angeles Lakers,,Portland Trail Blazers,,,,,
Sat Nov 3 2018,8:30p,New Orleans Pelicans,,San Antonio Spurs,,,,,
Sun Nov 4 2018,6:00p,Philadelphia 76ers,,Brooklyn Nets,,,,,
Sun Nov 4 2018,9:30p,Toronto Raptors,,Los Angeles Lakers,,,,,
Sun Nov 4 2018,3:30p,Sacramento Kings,,Milwaukee Bucks,,,,,
Sun Nov 4 2018,8:00p,Memphis Grizzlies,,Phoenix Suns,,,,,
Sun Nov 4 2018,9:00p,Minnesota Timberwolves,,Portland Trail Blazers,,,,,
Sun Nov 4 2018,7:00p,Orlando Magic,,San Antonio Spurs,,,,,
Sun Nov 4 2018,6:00p,New York Knicks,,Washington Wizards,,,,,
Mon Nov 5 2018,9:00p,Boston Celtics,,Denver Nuggets,,,,,
Mon Nov 5 2018,7:00p,Miami Heat,,Detroit Pistons,,,,,
Mon Nov 5 2018,10:30p,Memphis Grizzlies,,Golden State Warriors,,,,,
Mon Nov 5 2018,7:00p,Houston Rockets,,Indiana Pacers,,,,,
Mon Nov 5 2018,10:30p,Minnesota Timberwolves,,Los Angeles Clippers,,,,,
Mon Nov 5 2018,7:30p,Chicago Bulls,,New York Knicks,,,,,
Mon Nov 5 2018,8:00p,New Orleans Pelicans,,Oklahoma City Thunder,,,,,
Mon Nov 5 2018,7:00p,Cleveland Cavaliers,,Orlando Magic,,,,,
Mon Nov 5 2018,9:00p,Toronto Raptors,,Utah Jazz,,,,,
Tue Nov 6 2018,7:00p,Atlanta Hawks,,Charlotte Hornets,,,,,
Tue Nov 6 2018,8:30p,Washington Wizards,,Dallas Mavericks,,,,,
Tue Nov 6 2018,9:00p,Brooklyn Nets,,Phoenix Suns,,,,,
Tue Nov 6 2018,10:00p,Milwaukee Bucks,,Portland Trail Blazers,,,,,
Wed Nov 7 2018,7:30p,New York Knicks,,Atlanta Hawks,,,,,
Wed Nov 7 2018,7:00p,Oklahoma City Thunder,,Cleveland Cavaliers,,,,,
Wed Nov 7 2018,8:00p,Philadelphia 76ers,,Indiana Pacers,,,,,
Wed Nov 7 2018,10:30p,Minnesota Timberwolves,,Los Angeles Lakers,,,,,
Wed Nov 7 2018,8:00p,Denver Nuggets,,Memphis Grizzlies,,,,,
Wed Nov 7 2018,7:30p,San Antonio Spurs,,Miami Heat,,,,,
Wed Nov 7 2018,8:00p,Chicago Bulls,,New Orleans Pelicans,,,,,
Wed Nov 7 2018,7:00p,Detroit Pistons,,Orlando Magic,,,,,
Wed Nov 7 2018,10:00p,Toronto Raptors,,Sacramento Kings,,,,,
Wed Nov 7 2018,9:00p,Dallas Mavericks,,Utah Jazz,,,,,
Thu Nov 8 2018,10:30p,Milwaukee Bucks,,Golden State Warriors,,,,,
Thu Nov 8 2018,8:00p,Houston Rockets,,Oklahoma City Thunder,,,,,
Thu Nov 8 2018,9:00p,Boston Celtics,,Phoenix Suns,,,,,
Thu Nov 8 2018,10:00p,Los Angeles Clippers,,Portland Trail Blazers,,,,,
Fri Nov 9 2018,7:30p,Detroit Pistons,,Atlanta Hawks,,,,,
Fri Nov 9 2018,9:00p,Brooklyn Nets,,Denver Nuggets,,,,,
Fri Nov 9 2018,8:00p,Indiana Pacers,,Miami Heat,,,,,
Fri Nov 9 2018,7:00p,Washington Wizards,,Orlando Magic,,,,,
Fri Nov 9 2018,7:00p,Charlotte Hornets,,Philadelphia 76ers,,,,,
Fri Nov 9 2018,10:00p,Minnesota Timberwolves,,Sacramento Kings,,,,,
Fri Nov 9 2018,9:30p,Boston Celtics,,Utah Jazz,,,,,
Sat Nov 10 2018,8:00p,Cleveland Cavaliers,,Chicago Bulls,,,,,
Sat Nov 10 2018,9:00p,Oklahoma City Thunder,,Dallas Mavericks,,,,,
Sat Nov 10 2018,8:30p,Brooklyn Nets,,Golden State Warriors,,,,,
Sat Nov 10 2018,3:30p,Milwaukee Bucks,,Los Angeles Clippers,,,,,
Sat Nov 10 2018,8:00p,Philadelphia 76ers,,Memphis Grizzlies,,,,,
Sat Nov 10 2018,8:00p,Washington Wizards,,Miami Heat,,,,,
Sat Nov 10 2018,7:00p,Phoenix Suns,,New Orleans Pelicans,,,,,
Sat Nov 10 2018,10:00p,Los Angeles Lakers,,Sacramento Kings,,,,,
Sat Nov 10 2018,8:30p,Houston Rockets,,San Antonio Spurs,,,,,
Sat Nov 10 2018,3:00p,New York Knicks,,Toronto Raptors,,,,,
Sun Nov 11 2018,8:00p,Milwaukee Bucks,,Denver Nuggets,,,,,
Sun Nov 11 2018,3:30p,Charlotte Hornets,,Detroit Pistons,,,,,
Sun Nov 11 2018,7:00p,Indiana Pacers,,Houston Rockets,,,,,
Sun Nov 11 2018,9:30p,Atlanta Hawks,,Los Angeles Lakers,,,,,
Sun Nov 11 2018,7:30p,Orlando Magic,,New York Knicks,,,,,
Sun Nov 11 2018,9:00p,Boston Celtics,,Portland Trail Blazers,,,,,
Mon Nov 12 2018,8:00p,Dallas Mavericks,,Chicago Bulls,,,,,
Mon Nov 12 2018,10:30p,Golden State Warriors,,Los Angeles Clippers,,,,,
Mon Nov 12 2018,8:00p,Utah Jazz,,Memphis Grizzlies,,,,,
Mon Nov 12 2018,7:30p,Philadelphia 76ers,,Miami Heat,,,,,
Mon Nov 12 2018,8:00p,Brooklyn Nets,,Minnesota Timberwolves,,,,,
Mon Nov 12 2018,8:00p,Phoenix Suns,,Oklahoma City Thunder,,,,,
Mon Nov 12 2018,10:00p,San Antonio Spurs,,Sacramento Kings,,,,,
Mon Nov 12 2018,7:30p,New Orleans Pelicans,,Toronto Raptors,,,,,
Mon Nov 12 2018,7:00p,Orlando Magic,,Washington Wizards,,,,,
Tue Nov 13 2018,7:00p,Charlotte Hornets,,Cleveland Cavaliers,,,,,
Tue Nov 13 2018,9:00p,Houston Rockets,,Denver Nuggets,,,,,
Tue Nov 13 2018,10:30p,Atlanta Hawks,,Golden State Warriors,,,,,
Wed Nov 14 2018,7:30p,Chicago Bulls,,Boston Celtics,,,,,
Wed Nov 14 2018,7:30p,Miami Heat,,Brooklyn Nets,,,,,
Wed Nov 14 2018,8:30p,Utah Jazz,,Dallas Mavericks,,,,,
Wed Nov 14 2018,10:30p,Portland Trail Blazers,,Los Angeles Lakers,,,,,
Wed Nov 14 2018,8:00p,Memphis Grizzlies,,Milwaukee Bucks,,,,,
Wed Nov 14 2018,8:00p,New Orleans Pelicans,,Minnesota Timberwolves,,,,,
Wed Nov 14 2018,8:00p,New York Knicks,,Oklahoma City Thunder,,,,,
Wed Nov 14 2018,7:00p,Philadelphia 76ers,,Orlando Magic,,,,,
Wed Nov 14 2018,9:00p,San Antonio Spurs,,Phoenix Suns,,,,,
Wed Nov 14 2018,7:30p,Detroit Pistons,,Toronto Raptors,,,,,
Wed Nov 14 2018,7:00p,Cleveland Cavaliers,,Washington Wizards,,,,,
Thu Nov 15 2018,9:00p,Atlanta Hawks,,Denver Nuggets,,,,,
Thu Nov 15 2018,8:00p,Golden State Warriors,,Houston Rockets,,,,,
Thu Nov 15 2018,10:30p,San Antonio Spurs,,Los Angeles Clippers,,,,,
Fri Nov 16 2018,7:00p,Toronto Raptors,,Boston Celtics,,,,,
Fri Nov 16 2018,7:00p,Miami Heat,,Indiana Pacers,,,,,
Fri Nov 16 2018,8:00p,Sacramento Kings,,Memphis Grizzlies,,,,,
Fri Nov 16 2018,9:30p,Chicago Bulls,,Milwaukee Bucks,,,,,
Fri Nov 16 2018,8:00p,Portland Trail Blazers,,Minnesota Timberwolves,,,,,
Fri Nov 16 2018,8:00p,New York Knicks,,New Orleans Pelicans,,,,,
Fri Nov 16 2018,7:00p,Utah Jazz,,Philadelphia 76ers,,,,,
Fri Nov 16 2018,7:00p,Brooklyn Nets,,Washington Wizards,,,,,
Sat Nov 17 2018,7:30p,Utah Jazz,,Boston Celtics,,,,,
Sat Nov 17 2018,6:00p,Los Angeles Clippers,,Brooklyn Nets,,,,,
Sat Nov 17 2018,8:00p,Toronto Raptors,,Chicago Bulls,,,,,
Sat Nov 17 2018,7:00p,Philadelphia 76ers,,Charlotte Hornets,,,,,
Sat Nov 17 2018,8:30p,Golden State Warriors,,Dallas Mavericks,,,,,
Sat Nov 17 2018,8:00p,Sacramento Kings,,Houston Rockets,,,,,
Sat Nov 17 2018,7:00p,Atlanta Hawks,,Indiana Pacers,,,,,
Sat Nov 17 2018,7:00p,Denver Nuggets,,New Orleans Pelicans,,,,,
Sat Nov 17 2018,7:00p,Los Angeles Lakers,,Orlando Magic,,,,,
Sat Nov 17 2018,9:00p,Oklahoma City Thunder,,Phoenix Suns,,,,,
Sun Nov 18 2018,6:00p,Los Angeles Lakers,,Miami Heat,,,,,
Sun Nov 18 2018,3:30p,Memphis Grizzlies,,Minnesota Timberwolves,,,,,
Sun Nov 18 2018,6:00p,New York Knicks,,Orlando Magic,,,,,
Sun Nov 18 2018,7:00p,Golden State Warriors,,San Antonio Spurs,,,,,
Sun Nov 18 2018,6:00p,Portland Trail Blazers,,Washington Wizards,,,,,
Mon Nov 19 2018,7:30p,Los Angeles Clippers,,Atlanta Hawks,,,,,
Mon Nov 19 2018,7:00p,Boston Celtics,,Charlotte Hornets,,,,,
Mon Nov 19 2018,7:00p,Cleveland Cavaliers,,Detroit Pistons,,,,,
Mon Nov 19 2018,7:00p,Utah Jazz,,Indiana Pacers,,,,,
Mon Nov 19 2018,8:00p,Dallas Mavericks,,Memphis Grizzlies,,,,,
Mon Nov 19 2018,8:00p,Denver Nuggets,,Milwaukee Bucks,,,,,
Mon Nov 19 2018,8:00p,San Antonio Spurs,,New Orleans Pelicans,,,,,
Mon Nov 19 2018,7:00p,Phoenix Suns,,Philadelphia 76ers,,,,,
Mon Nov 19 2018,10:00p,Oklahoma City Thunder,,Sacramento Kings,,,,,
Tue Nov 20 2018,7:30p,Brooklyn Nets,,Miami Heat,,,,,
Tue Nov 20 2018,7:30p,Portland Trail Blazers,,New York Knicks,,,,,
Tue Nov 20 2018,7:00p,Toronto Raptors,,Orlando Magic,,,,,
Tue Nov 20 2018,7:00p,Los Angeles Clippers,,Washington Wizards,,,,,
Wed Nov 21 2018,7:30p,Toronto Raptors,,Atlanta Hawks,,,,,
Wed Nov 21 2018,7:30p,New York Knicks,,Boston Celtics,,,,,
Wed Nov 21 2018,8:00p,Phoenix Suns,,Chicago Bulls,,,,,
Wed Nov 21 2018,7:00p,Indiana Pacers,,Charlotte Hornets,,,,,
Wed Nov 21 2018,8:00p,Los Angeles Lakers,,Cleveland Cavaliers,,,,,
Wed Nov 21 2018,8:30p,Brooklyn Nets,,Dallas Mavericks,,,,,
Wed Nov 21 2018,10:30p,Oklahoma City Thunder,,Golden State Warriors,,,,,
Wed Nov 21 2018,8:00p,Detroit Pistons,,Houston Rockets,,,,,
Wed Nov 21 2018,8:00p,Portland Trail Blazers,,Milwaukee Bucks,,,,,
Wed Nov 21 2018,8:00p,Denver Nuggets,,Minnesota Timberwolves,,,,,
Wed Nov 21 2018,7:00p,New Orleans Pelicans,,Philadelphia 76ers,,,,,
Wed Nov 21 2018,8:30p,Memphis Grizzlies,,San Antonio Spurs,,,,,
Wed Nov 21 2018,9:00p,Sacramento Kings,,Utah Jazz,,,,,
Fri Nov 23 2018,7:30p,Boston Celtics,,Atlanta Hawks,,,,,
Fri Nov 23 2018,12:00p,Minnesota Timberwolves,,Brooklyn Nets,,,,,
Fri Nov 23 2018,8:00p,Miami Heat,,Chicago Bulls,,,,,
Fri Nov 23 2018,9:00p,Orlando Magic,,Denver Nuggets,,,,,
Fri Nov 23 2018,7:00p,Houston Rockets,,Detroit Pistons,,,,,
Fri Nov 23 2018,10:30p,Portland Trail Blazers,,Golden State Warriors,,,,,
Fri Nov 23 2018,8:00p,San Antonio Spurs,,Indiana Pacers,,,,,
Fri Nov 23 2018,3:30p,Memphis Grizzlies,,Los Angeles Clippers,,,,,
Fri Nov 23 2018,10:30p,Utah Jazz,,Los Angeles Lakers,,,,,
Fri Nov 23 2018,8:30p,Phoenix Suns,,Milwaukee Bucks,,,,,
Fri Nov 23 2018,7:30p,New Orleans Pelicans,,New York Knicks,,,,,
Fri Nov 23 2018,8:00p,Charlotte Hornets,,Oklahoma City Thunder,,,,,
Fri Nov 23 2018,7:30p,Cleveland Cavaliers,,Philadelphia 76ers,,,,,
Fri Nov 23 2018,7:30p,Washington Wizards,,Toronto Raptors,,,,,
Sat Nov 24 2018,7:30p,Houston Rockets,,Cleveland Cavaliers,,,,,
Sat Nov 24 2018,8:30p,Boston Celtics,,Dallas Mavericks,,,,,
Sat Nov 24 2018,8:30p,Sacramento Kings,,Golden State Warriors,,,,,
Sat Nov 24 2018,8:30p,San Antonio Spurs,,Milwaukee Bucks,,,,,
Sat Nov 24 2018,8:00p,Chicago Bulls,,Minnesota Timberwolves,,,,,
Sat Nov 24 2018,8:00p,Denver Nuggets,,Oklahoma City Thunder,,,,,
Sat Nov 24 2018,8:00p,New Orleans Pelicans,,Washington Wizards,,,,,
Sun Nov 25 2018,6:00p,Charlotte Hornets,,Atlanta Hawks,,,,,
Sun Nov 25 2018,6:00p,Philadelphia 76ers,,Brooklyn Nets,,,,,
Sun Nov 25 2018,4:00p,Phoenix Suns,,Detroit Pistons,,,,,
Sun Nov 25 2018,3:30p,Orlando Magic,,Los Angeles Lakers,,,,,
Sun Nov 25 2018,6:00p,New York Knicks,,Memphis Grizzlies,,,,,
Sun Nov 25 2018,9:00p,Los Angeles Clippers,,Portland Trail Blazers,,,,,
Sun Nov 25 2018,6:30p,Utah Jazz,,Sacramento Kings,,,,,
Sun Nov 25 2018,6:00p,Miami Heat,,Toronto Raptors,,,,,
Mon Nov 26 2018,8:00p,San Antonio Spurs,,Chicago Bulls,,,,,
Mon Nov 26 2018,7:00p,Milwaukee Bucks,,Charlotte Hornets,,,,,
Mon Nov 26 2018,7:00p,Minnesota Timberwolves,,Cleveland Cavaliers,,,,,
Mon Nov 26 2018,10:30p,Orlando Magic,,Golden State Warriors,,,,,
Mon Nov 26 2018,8:00p,Boston Celtics,,New Orleans Pelicans,,,,,
Mon Nov 26 2018,9:00p,Indiana Pacers,,Utah Jazz,,,,,
Mon Nov 26 2018,7:00p,Houston Rockets,,Washington Wizards,,,,,
Tue Nov 27 2018,9:00p,Los Angeles Lakers,,Denver Nuggets,,,,,
Tue Nov 27 2018,7:00p,New York Knicks,,Detroit Pistons,,,,,
Tue Nov 27 2018,8:00p,Toronto Raptors,,Memphis Grizzlies,,,,,
Tue Nov 27 2018,7:30p,Atlanta Hawks,,Miami Heat,,,,,
Tue Nov 27 2018,9:00p,Indiana Pacers,,Phoenix Suns,,,,,
Wed Nov 28 2018,7:30p,Utah Jazz,,Brooklyn Nets,,,,,
Wed Nov 28 2018,7:00p,Atlanta Hawks,,Charlotte Hornets,,,,,
Wed Nov 28 2018,8:00p,Dallas Mavericks,,Houston Rockets,,,,,
Wed Nov 28 2018,10:30p,Phoenix Suns,,Los Angeles Clippers,,,,,
Wed Nov 28 2018,8:00p,Chicago Bulls,,Milwaukee Bucks,,,,,
Wed Nov 28 2018,8:00p,San Antonio Spurs,,Minnesota Timberwolves,,,,,
Wed Nov 28 2018,8:00p,Washington Wizards,,New Orleans Pelicans,,,,,
Wed Nov 28 2018,8:00p,Cleveland Cavaliers,,Oklahoma City Thunder,,,,,
Wed Nov 28 2018,7:00p,New York Knicks,,Philadelphia 76ers,,,,,
Wed Nov 28 2018,10:00p,Orlando Magic,,Portland Trail Blazers,,,,,
Thu Nov 29 2018,10:30p,Indiana Pacers,,Los Angeles Lakers,,,,,
Thu Nov 29 2018,10:30p,Los Angeles Clippers,,Sacramento Kings,,,,,
Thu Nov 29 2018,8:00p,Golden State Warriors,,Toronto Raptors,,,,,
Fri Nov 30 2018,7:00p,Cleveland Cavaliers,,Boston Celtics,,,,,
Fri Nov 30 2018,7:30p,Memphis Grizzlies,,Brooklyn Nets,,,,,
Fri Nov 30 2018,7:00p,Utah Jazz,,Charlotte Hornets,,,,,
Fri Nov 30 2018,7:00p,Chicago Bulls,,Detroit Pistons,,,,,
Fri Nov 30 2018,10:30p,Dallas Mavericks,,Los Angeles Lakers,,,,,
Fri Nov 30 2018,8:00p,New Orleans Pelicans,,Miami Heat,,,,,
Fri Nov 30 2018,8:00p,Atlanta Hawks,,Oklahoma City Thunder,,,,,
Fri Nov 30 2018,7:00p,Washington Wizards,,Philadelphia 76ers,,,,,
Fri Nov 30 2018,9:00p,Orlando Magic,,Phoenix Suns,,,,,
Fri Nov 30 2018,10:30p,Denver Nuggets,,Portland Trail Blazers,,,,,
Fri Nov 30 2018,8:00p,Houston Rockets,,San Antonio Spurs,,,,,